engine,agents,sessions,motions,actions,narrative,holdsAt,memory
cec,7,1,10,112,37121290585,447904,693217256
cec,7,1,10,112,37040431786,447177,227582880
cec,7,1,10,112,38904400724,499897,26750904
cec,7,1,10,112,44844595086,463005,414854120
cec,7,1,10,112,40445664996,464929,130186408
cec,7,1,10,112,39218855353,415411,491109208
cec,7,1,10,112,36374534449,420026,62108616
cec,7,1,10,112,40055983026,439506,200725136
cec,7,1,10,112,37814168874,426302,325057192
cec,7,1,10,112,39277656287,431402,285233816
cec,7,1,10,112,38875363555,505008,577857672
cec,7,1,10,112,38922067854,414738,60091856
cec,7,1,10,112,37505622661,404571,223928976
cec,7,1,10,112,37897743177,441842,101704968
cec,7,1,10,112,37799272081,461702,527334968
cec,7,1,10,112,36728085600,425301,88207672
cec,7,1,10,112,40777264877,460066,359356752
cec,7,1,10,112,40278612802,425593,522320376
cec,7,1,10,112,36128676267,402779,139591248
cec,7,1,10,112,37927450016,382166,158218392
cec,7,1,10,112,37329816643,372524,680434952
cec,7,1,10,112,39539480465,414324,184103288
cec,7,1,10,112,37065693874,437884,506009648
cec,7,1,10,112,36682958495,401905,549376560
cec,7,1,10,112,37541126118,457008,425193080
cec,7,1,10,112,37240889894,398978,37066088
cec,7,1,10,112,38339642114,380979,412688456
cec,7,1,10,112,38352912111,399265,408706192
cec,7,1,10,112,37768526117,410278,91931664
cec,7,1,10,112,37514012169,393037,95063440
cec,7,1,10,112,35875778107,384356,50660328
cec,7,1,10,112,39077936184,421385,600285928
cec,7,1,10,112,37766888458,392356,71381888
cec,7,1,10,112,36944970009,414744,161325680
cec,7,1,10,112,37430200586,395146,47540648
cec,7,1,10,112,37645650771,763806,29893064
cec,7,1,10,112,39092307429,403334,83688864
cec,7,1,10,112,44542023978,854371,260156768
cec,7,1,10,112,44342631211,886707,157722624
cec,7,1,10,112,38529445104,444439,29998464
cec,7,1,10,112,38460313276,432257,400345896
cec,7,1,10,112,40313956780,412357,56314568
cec,7,1,10,112,42793385364,467168,405723800
cec,7,1,10,112,37050850461,454131,456590896
cec,7,1,10,112,38938101349,459988,352863904
cec,7,1,10,112,36755743974,430534,322414080
cec,7,1,10,112,38695839461,364194,237873184
cec,7,1,10,112,32821310331,366384,248610544
cec,7,1,10,112,44124820041,387973,250291384
cec,7,1,10,112,35744132665,373429,25322328
cec,7,1,1,13,725730335,163902,98034848
cec,7,1,11,123,48884541700,422271,30567712
cec,7,1,11,123,45039337671,398636,260184976
cec,7,1,11,123,45441351390,395498,262362744
cec,7,1,11,123,48925294073,447671,59879528
cec,7,1,11,123,52652533366,634116,639034912
cec,7,1,11,123,55292180221,742673,158879160
cec,7,1,11,123,48885138650,657245,89106528
cec,7,1,11,123,49430813798,441576,433805976
cec,7,1,11,123,48669148965,396276,164201176
cec,7,1,11,123,49080755295,441474,363140520
cec,7,1,1,13,722697297,216292,646770040
cec,7,1,11,123,46928392116,420076,682048632
cec,7,1,11,123,46814729592,428257,443940352
cec,7,1,11,123,52192572985,791361,53767776
cec,7,1,11,123,57660418426,543173,52783808
cec,7,1,11,123,49717446237,463686,50273784
cec,7,1,11,123,48796434286,434918,623780904
cec,7,1,11,123,45459348821,404031,412362040
cec,7,1,11,123,53790743098,717908,215825136
cec,7,1,11,123,57525481099,729114,44616792
cec,7,1,11,123,49725242308,414923,63353520
cec,7,1,11,123,51404607220,492109,689805464
cec,7,1,1,13,745120524,227651,232276760
cec,7,1,11,123,46496844765,408023,291598488
cec,7,1,11,123,48907968277,457426,331566920
cec,7,1,11,123,49133442773,468336,236388472
cec,7,1,11,123,49166828958,493385,209263120
cec,7,1,11,123,47651503185,443778,426084032
cec,7,1,11,123,48446245351,429153,144838864
cec,7,1,11,123,49575864380,501336,147461240
cec,7,1,11,123,47364849659,443322,251765416
cec,7,1,11,123,46500318873,462274,35765608
cec,7,1,11,123,47115782968,462651,173158712
cec,7,1,11,123,50145787458,458542,264355408
cec,7,1,1,13,738750886,220475,217257448
cec,7,1,11,123,49969070991,471256,683216992
cec,7,1,11,123,50729054633,497803,80897968
cec,7,1,11,123,50802010441,404036,307953120
cec,7,1,11,123,49986103513,432256,53998016
cec,7,1,11,123,46670227958,413623,486415016
cec,7,1,11,123,46522557843,418158,381328592
cec,7,1,11,123,46724354327,397817,147215080
cec,7,1,11,123,47944821913,412508,60608672
cec,7,1,11,123,50595173443,392963,221134144
cec,7,1,11,123,47483642488,426077,425616336
cec,7,1,11,123,48386374356,412054,24018696
cec,7,1,1,13,702031029,222005,164781576
cec,7,1,11,123,51660193268,438564,347250272
cec,7,1,11,123,46428195881,420500,388855368
cec,7,1,1,13,753792301,221049,316351096
cec,7,1,11,123,47649951888,575033,322074712
cec,7,1,1,13,709133885,237298,617792056
cec,7,1,11,123,54914687506,502879,349399024
cec,7,1,1,13,737619564,206967,91482296
cec,7,1,11,123,52347418406,461861,70228928
cec,7,1,1,13,717394607,240788,640747768
cec,7,1,11,123,48478868913,447851,482979664
cec,7,1,1,13,731023583,206293,79319552
cec,7,1,11,123,49595949724,419797,256861096
cec,7,1,1,13,703772069,185085,138932384
cec,7,1,1,13,1037946689,495278,617884992
cec,7,1,12,134,62386581042,506562,39156392
cec,7,1,12,134,60377071313,456619,184603632
cec,7,1,12,134,60697722277,473656,58630640
cec,7,1,12,134,58273950901,432872,550499064
cec,7,1,12,134,59785788219,434745,538885784
cec,7,1,12,134,59116819008,420725,284327784
cec,7,1,12,134,63766241661,484895,669502472
cec,7,1,12,134,63708612375,484995,45427368
cec,7,1,12,134,65295107948,500219,617698224
cec,7,1,12,134,69030149839,968144,193523192
cec,7,1,1,13,779765441,395239,510297576
cec,7,1,12,134,64917422320,468440,267666864
cec,7,1,12,134,67886808374,1079430,289905712
cec,7,1,12,134,61774324977,577300,226523512
cec,7,1,12,134,66021666073,518333,363846856
cec,7,1,12,134,61005210729,451648,208246344
cec,7,1,12,134,66477091921,537925,306263768
cec,7,1,12,134,63403220652,478045,507284184
cec,7,1,12,134,60092083252,450167,72046056
cec,7,1,12,134,60125157024,471328,423452520
cec,7,1,12,134,61271067527,436547,123281328
cec,7,1,12,134,62385861859,427338,101593888
cec,7,1,1,13,912023797,586061,399606872
cec,7,1,12,134,59545480227,541158,456366216
cec,7,1,12,134,64888065273,552227,365352408
cec,7,1,12,134,64497939333,477370,498994056
cec,7,1,12,134,57682529469,445828,120996664
cec,7,1,12,134,62964828111,451927,506931200
cec,7,1,12,134,62263827770,471149,283794232
cec,7,1,12,134,64592197500,514666,58106248
cec,7,1,12,134,61732997887,595772,348230032
cec,7,1,12,134,62633407702,624076,179828864
cec,7,1,12,134,197816213616,3330145,211576152
cec,7,1,12,134,62626106026,509705,345631464
cec,7,1,1,13,747527057,307529,41365632
cec,7,1,12,134,60931747946,519554,205942816
cec,7,1,12,134,63096884450,474501,472902104
cec,7,1,12,134,61470803181,460981,526459704
cec,7,1,12,134,68552138674,908364,158714312
cec,7,1,12,134,63015998888,493491,295451464
cec,7,1,12,134,60163853580,468356,147851200
cec,7,1,12,134,61046908656,481777,365498240
cec,7,1,12,134,61517984769,427134,198206616
cec,7,1,12,134,57198505780,436150,348956280
cec,7,1,12,134,61101954600,435946,535733488
cec,7,1,12,134,61769911038,458014,347787824
cec,7,1,1,13,794943657,470401,590189032
cec,7,1,12,134,59215931051,421261,105784776
cec,7,1,12,134,64824644487,518467,294278648
cec,7,1,1,13,720939473,225898,292490912
cec,7,1,12,134,63521596179,505944,196717616
cec,7,1,1,13,686634340,262900,400853160
cec,7,1,12,134,62732416193,466728,350332472
cec,7,1,1,13,731428026,260958,703348840
cec,7,1,12,134,64126428148,425853,601350032
cec,7,1,1,13,666564229,193751,401080512
cec,7,1,12,134,61589245087,530546,406475632
cec,7,1,1,13,722381020,220681,316452040
cec,7,1,12,134,62402135824,579552,269960696
cec,7,1,1,13,677503869,197694,123885024
cec,7,1,1,13,695640331,219218,452924224
cec,7,1,13,145,80005169632,440146,221931552
cec,7,1,13,145,82624165909,540808,430665424
cec,7,1,13,145,76023792034,545694,363611800
cec,7,1,13,145,81788706110,579041,34706840
cec,7,1,13,145,77698305863,570669,62715888
cec,7,1,13,145,76229367485,469309,52500192
cec,7,1,13,145,89745860672,1147598,503978920
cec,7,1,13,145,76933192586,496286,88881984
cec,7,1,13,145,73947409210,446264,143743520
cec,7,1,13,145,77801944948,466216,286884936
cec,7,1,1,13,716945370,251562,448678456
cec,7,1,13,145,101064004027,419678,191314376
cec,7,1,13,145,77415547276,505993,538706624
cec,7,1,13,145,79895933402,516272,199527680
cec,7,1,13,145,71423987451,461083,412903424
cec,7,1,13,145,75816374664,486315,414272168
cec,7,1,13,145,71866832981,439512,155231496
cec,7,1,13,145,79170524046,520066,575909104
cec,7,1,13,145,80465678064,489968,199111440
cec,7,1,13,145,75022973285,433880,406170288
cec,7,1,13,145,79803155436,541428,145071416
cec,7,1,13,145,77733296175,558792,139815944
cec,7,1,1,13,722178348,226806,510131808
cec,7,1,13,145,86701444178,428283,472356616
cec,7,1,13,145,86054515467,502349,632735984
cec,7,1,13,145,80962891098,575578,112773360
cec,7,1,13,145,76092899908,454524,57401744
cec,7,1,13,145,75714983063,476593,532220992
cec,7,1,13,145,74640473750,476723,285147208
cec,7,1,13,145,75047196138,488104,268459536
cec,7,1,13,145,85851015431,873803,582499824
cec,7,1,13,145,85020371360,1030534,512216560
cec,7,1,13,145,77715229418,535920,315308336
cec,7,1,13,145,74872287941,527109,75171960
cec,7,1,1,13,684426592,200072,673403312
cec,7,1,13,145,90067318868,408309,129083736
cec,7,1,13,145,78082577562,541290,246435224
cec,7,1,13,145,72644313739,448840,255248856
cec,7,1,13,145,76646687330,472649,91952568
cec,7,1,13,145,73923885168,523514,63989160
cec,7,1,13,145,75571578149,447071,172766272
cec,7,1,13,145,73882719674,460118,363103816
cec,7,1,13,145,83523366254,536881,336433200
cec,7,1,13,145,77874588858,455850,219686736
cec,7,1,13,145,77586464169,499817,434884600
cec,7,1,13,145,78640449649,475805,562756096
cec,7,1,1,13,705771394,221579,617367984
cec,7,1,13,145,82670914825,466417,142010544
cec,7,1,13,145,78034113959,454403,366520944
cec,7,1,1,13,703949689,216119,155096376
cec,7,1,13,145,97238839373,431127,62634080
cec,7,1,1,13,716938926,201063,75918000
cec,7,1,13,145,80484492912,459666,223648088
cec,7,1,1,13,693562734,193621,459528992
cec,7,1,13,145,72918223519,439652,72141744
cec,7,1,1,13,664497182,183651,570075408
cec,7,1,13,145,75447246458,428239,227042160
cec,7,1,1,13,682641096,189268,674384184
cec,7,1,13,145,75033670262,420971,102643064
cec,7,1,1,13,740175231,237511,576619904
cec,7,1,1,13,665406806,198541,123910032
cec,7,1,14,156,87382472151,436688,67804888
cec,7,1,14,156,93933906187,640217,380333600
cec,7,1,14,156,94413462234,538049,230928808
cec,7,1,14,156,97243816663,550322,363835792
cec,7,1,14,156,90777530213,509020,171484712
cec,7,1,14,156,90199213727,518906,78422712
cec,7,1,14,156,98399986108,529590,318022416
cec,7,1,14,156,105705441164,551234,92063944
cec,7,1,14,156,100330720295,638373,298929624
cec,7,1,14,156,99028403512,574876,366320968
cec,7,1,1,13,680015611,213170,316248752
cec,7,1,14,156,112106950693,442900,221671656
cec,7,1,14,156,91826981051,478592,682468720
cec,7,1,14,156,103074927217,1030212,114458328
cec,7,1,14,156,98566649551,611068,206863832
cec,7,1,14,156,93502354140,531542,152071704
cec,7,1,14,156,95280739816,547880,205962336
cec,7,1,14,156,96219160890,544914,186128104
cec,7,1,14,156,102133599843,608842,103521208
cec,7,1,14,156,96619245455,513451,543753360
cec,7,1,14,156,97148224206,501830,281899728
cec,7,1,14,156,96710028841,547571,194458400
cec,7,1,1,13,663064661,195159,13676672
cec,7,1,14,156,108301673030,662318,210665856
cec,7,1,14,156,104905565370,513481,382320568
cec,7,1,14,156,92928935345,534106,103148856
cec,7,1,14,156,96703315388,503128,288261344
cec,7,1,14,156,95062340793,525448,407587936
cec,7,1,14,156,93290533951,508227,388353744
cec,7,1,14,156,94215712812,509960,219272552
cec,7,1,14,156,98839196081,1037652,352777296
cec,7,1,14,156,101593486457,556147,319327432
cec,7,1,14,156,97297985590,505361,382788024
cec,7,1,14,156,95349148078,551301,115643568
cec,7,1,1,13,665801620,203863,235021880
cec,7,1,14,156,87895849739,435382,262572392
cec,7,1,14,156,87146108339,465800,318085336
cec,7,1,14,156,90892682350,467053,550559576
cec,7,1,14,156,93823312575,521808,57725592
cec,7,1,14,156,93606810594,521901,423602832
cec,7,1,14,156,93044960052,531389,186789384
cec,7,1,14,156,97240430342,512910,220071120
cec,7,1,14,156,95500907838,508359,457928296
cec,7,1,14,156,98704895375,550175,98153176
cec,7,1,14,156,94340489557,496815,151393144
cec,7,1,14,156,93994268769,491955,587842888
cec,7,1,1,13,669013156,188591,18376168
cec,7,1,14,156,98113031944,433581,122002664
cec,7,1,14,156,94625023663,2307925,391798672
cec,7,1,1,13,773239852,197322,305600888
cec,7,1,14,156,103510689914,506047,239414032
cec,7,1,1,13,650684262,187357,459581992
cec,7,1,14,156,87687368334,464595,125855976
cec,7,1,1,13,634234306,203348,576524464
cec,7,1,14,156,87726048342,443404,198906792
cec,7,1,1,13,729487619,247824,53377488
cec,7,1,14,156,92860105647,427786,333208544
cec,7,1,1,13,716844415,233862,484072584
cec,7,1,14,156,85620814490,434642,109155008
cec,7,1,1,13,652748107,201027,378715280
cec,7,1,1,13,727756812,220146,123860624
cec,7,1,15,167,115452220237,516469,161467960
cec,7,1,15,167,112621580814,488739,401711832
cec,7,1,15,167,112364879803,516538,156871592
cec,7,1,15,167,130603406831,641044,139797664
cec,7,1,15,167,127053817980,675993,275386104
cec,7,1,15,167,115290301622,671859,650706880
cec,7,1,15,167,123002264735,578019,479722816
cec,7,1,15,167,118032809815,531132,206538224
cec,7,1,15,167,117346062255,476825,68184688
cec,7,1,15,167,122457184754,603413,572907944
cec,7,1,15,167,116776977571,525425,265986560
cec,7,1,15,167,114133222970,691039,165197992
cec,7,1,15,167,124724749111,584661,446209728
cec,7,1,15,167,119718023499,543452,517944056
cec,7,1,15,167,114091486267,527251,159564488
cec,7,1,15,167,113125773257,580686,320303720
cec,7,1,15,167,116662745891,542630,216307744
cec,7,1,15,167,115872787168,609474,335658768
cec,7,1,15,167,121743424791,550809,436323296
cec,7,1,15,167,117158430238,503235,55133616
cec,7,1,15,167,126473522959,917107,469554608
cec,7,1,15,167,110810442478,497056,181586224
cec,7,1,15,167,120262573621,505057,94710096
cec,7,1,15,167,115098054846,701591,241989672
cec,7,1,15,167,115133365404,570098,127492144
cec,7,1,15,167,115929447743,548938,424372984
cec,7,1,15,167,114696189428,492890,95905192
cec,7,1,15,167,113463677592,494265,569672536
cec,7,1,15,167,123514979873,553938,327797656
cec,7,1,15,167,117305037338,495851,500069008
cec,7,1,15,167,113276654461,552624,223009408
cec,7,1,15,167,118247810411,579094,143237288
cec,7,1,15,167,119934551084,565135,131547776
cec,7,1,15,167,117359410759,630609,265141040
cec,7,1,15,167,115448329868,584787,59399032
cec,7,1,15,167,126825137654,1067017,594290832
cec,7,1,15,167,119007157784,570853,252642448
cec,7,1,15,167,119146404001,601033,167645200
cec,7,1,15,167,131795289871,975911,246933232
cec,7,1,15,167,118703137976,586271,426184656
cec,7,1,15,167,117682178964,596063,372501720
cec,7,1,15,167,109281004226,493145,156324880
cec,7,1,15,167,107727022931,502310,525661312
cec,7,1,15,167,115161749413,532064,152096656
cec,7,1,15,167,114314494103,521955,74473992
cec,7,1,15,167,127280393603,538242,265161552
cec,7,1,15,167,108066820636,533480,488378736
cec,7,1,15,167,105608230046,499555,662593208
cec,7,1,15,167,117785452390,547466,490506688
cec,7,1,15,167,116497969266,595907,233647864
cec,7,1,1,13,710752930,302103,60721184
cec,7,1,16,178,158648743852,524602,50914448
cec,7,1,16,178,157691013509,1243809,498245040
cec,7,1,16,178,143178709540,563724,145152792
cec,7,1,16,178,144892569504,608963,464192024
cec,7,1,16,178,143590321569,542000,577960256
cec,7,1,16,178,149526957964,546521,397594896
cec,7,1,16,178,130043798956,526405,282450584
cec,7,1,16,178,134099152484,610124,365652672
cec,7,1,16,178,132886606512,523307,494353608
cec,7,1,16,178,138503714578,564349,305708360
cec,7,1,16,178,141913191509,553345,117315640
cec,7,1,16,178,153732180928,540743,335712176
cec,7,1,16,178,141392397206,615018,53842648
cec,7,1,16,178,144873153726,506991,243299824
cec,7,1,16,178,136180446352,717956,151911464
cec,7,1,16,178,138342758819,602099,78288880
cec,7,1,16,178,139133733172,561844,446146096
cec,7,1,16,178,140811256092,609390,130515520
cec,7,1,16,178,135503033159,736441,457074128
cec,7,1,16,178,139508776807,750521,204267648
cec,7,1,16,178,140841802417,535440,263611344
cec,7,1,16,178,164506290572,623095,154438408
cec,7,1,16,178,143759189401,587104,61655688
cec,7,1,16,178,144809033550,731463,273543864
cec,7,1,16,178,159001054574,556653,373429816
cec,7,1,16,178,136281226062,570381,213007416
cec,7,1,16,178,136576509899,615229,541553504
cec,7,1,16,178,141842562266,589627,32302336
cec,7,1,16,178,142920087086,724950,207771992
cec,7,1,16,178,143504226859,565415,250681672
cec,7,1,16,178,140848759958,657685,163162520
cec,7,1,16,178,145889445424,562624,226626608
cec,7,1,16,178,141456741198,733938,365008704
cec,7,1,16,178,136694592493,551853,327561432
cec,7,1,16,178,152170335360,920232,591345728
cec,7,1,16,178,135639775262,559580,523948944
cec,7,1,16,178,139098951351,586472,678880600
cec,7,1,16,178,139444383118,587637,388183632
cec,7,1,16,178,140596162802,588727,378165760
cec,7,1,16,178,138455202393,585715,275383456
cec,7,1,16,178,135439232540,666391,245497608
cec,7,1,16,178,133608284036,572203,307128584
cec,7,1,16,178,140837123730,592154,285727408
cec,7,1,16,178,160794275487,537850,137363248
cec,7,1,16,178,144359182401,621135,387367224
cec,7,1,16,178,136518888962,520688,71580096
cec,7,1,16,178,134260967624,589476,560122360
cec,7,1,16,178,145508306389,576522,182176144
cec,7,1,16,178,135247736416,557219,126809120
cec,7,1,16,178,148180993784,631720,119643648
cec,7,1,1,13,671945274,191878,91088168
cec,7,1,17,189,164348356441,514316,554446976
cec,7,1,17,189,160671453263,570368,420790672
cec,7,1,17,189,158940105561,544513,229886984
cec,7,1,17,189,173233459626,613263,300512424
cec,7,1,17,189,164359061279,671089,169673688
cec,7,1,17,189,164524931453,637738,129524744
cec,7,1,17,189,173232255356,593218,224986704
cec,7,1,17,189,161142891293,535387,80521808
cec,7,1,17,189,155602950611,567939,235872896
cec,7,1,17,189,158031452003,545701,502281936
cec,7,1,17,189,187352869066,719293,579953560
cec,7,1,17,189,499898172138,4548377,302196472
cec,7,1,17,189,185793320458,973048,93341312
cec,7,1,17,189,180167691285,601437,103629384
cec,7,1,17,189,177043918436,647906,345075080
cec,7,1,17,189,162314542988,638299,269155272
cec,7,1,17,189,169837594486,541135,41415696
cec,7,1,17,189,160191166663,584823,143923064
cec,7,1,17,189,171249419194,640233,106434488
cec,7,1,17,189,167324942505,607943,223834024
cec,7,1,17,189,182878431628,1002160,142688968
cec,7,1,17,189,168337569540,673217,136553872
cec,7,1,17,189,161627306458,548716,51544272
cec,7,1,17,189,171807456855,665415,268298056
cec,7,1,17,189,176657731282,567822,128489664
cec,7,1,17,189,174573648582,744682,127657256
cec,7,1,17,189,161919314439,541255,100936560
cec,7,1,17,189,174136892560,549121,406570024
cec,7,1,17,189,154648695553,536105,55658048
cec,7,1,17,189,168932521149,663988,162612224
cec,7,1,17,189,167215391439,562321,409420280
cec,7,1,17,189,170790029930,565154,74584496
cec,7,1,17,189,173783848335,589825,326615424
cec,7,1,17,189,167423852882,658248,505262616
cec,7,1,17,189,167942484415,779737,321627752
cec,7,1,17,189,165173498375,579956,173248104
cec,7,1,17,189,171195505744,779799,146137256
cec,7,1,17,189,164278652153,599022,260701360
cec,7,1,17,189,166215525092,803987,245458032
cec,7,1,17,189,169881594190,577979,500555392
cec,7,1,17,189,171195017670,648909,338221696
cec,7,1,17,189,156602807842,610654,93857808
cec,7,1,17,189,165531997779,655201,325394880
cec,7,1,17,189,182377088560,583683,190026280
cec,7,1,17,189,172921204841,607087,369228080
cec,7,1,17,189,164373985900,610865,207560792
cec,7,1,17,189,177679675381,949536,297635720
cec,7,1,17,189,202627323358,1427443,307972936
cec,7,1,17,189,193412879299,507091,252958112
cec,7,1,17,189,174077501330,503521,263517912
cec,7,1,1,13,693118511,183189,158126280
cec,7,1,18,200,209960621535,641715,204309216
cec,7,1,18,200,199705389828,693520,599677088
cec,7,1,18,200,194207528998,637831,150312544
cec,7,1,18,200,187612748948,577008,65970472
cec,7,1,18,200,212680856987,658210,361377544
cec,7,1,18,200,200194070053,620748,580091552
cec,7,1,18,200,215739615387,629121,368685136
cec,7,1,18,200,190264462682,575703,149960344
cec,7,1,18,200,188001392467,613106,154563928
cec,7,1,18,200,231402159126,1224875,349250296
cec,7,1,18,200,184880351383,571830,76892808
cec,7,1,18,200,207514680522,680436,233555864
cec,7,1,18,200,203435998531,593515,258613760
cec,7,1,18,200,202633323230,632344,587760392
cec,7,1,18,200,190947032592,575965,583616720
cec,7,1,18,200,199633038486,613427,515232256
cec,7,1,18,200,203833770593,606313,70266248
cec,7,1,18,200,196790158627,661223,247537968
cec,7,1,18,200,198958916561,652946,93046248
cec,7,1,18,200,209031603205,666105,394257880
cec,7,1,18,200,211144886899,664946,394397760
cec,7,1,18,200,193651454661,532637,245493112
cec,7,1,18,200,199104100093,750228,231091912
cec,7,1,18,200,198385193836,622652,384361272
cec,7,1,18,200,188084867193,594737,543805072
cec,7,1,18,200,199726600179,674663,297443600
cec,7,1,18,200,188831809227,578681,224634536
cec,7,1,18,200,194413185170,790262,575090480
cec,7,1,18,200,202401186537,605128,412953040
cec,7,1,18,200,197653224647,713928,171714424
cec,7,1,18,200,218080911752,1358651,338220128
cec,7,1,18,200,202234342767,634297,316777016
cec,7,1,18,200,231613678803,581733,218026200
cec,7,1,18,200,191316500800,595604,494670208
cec,7,1,18,200,189663685073,552532,202013144
cec,7,1,18,200,194591188558,646041,103349424
cec,7,1,18,200,188708044573,636307,571017872
cec,7,1,18,200,215205784438,1208739,329496616
cec,7,1,18,200,210614541673,658944,348443064
cec,7,1,18,200,206114322936,624641,555061056
cec,7,1,18,200,205438588405,654488,537554792
cec,7,1,18,200,196423998662,637207,104046032
cec,7,1,18,200,205495094894,773891,175295536
cec,7,1,18,200,198631529479,800886,313723640
cec,7,1,18,200,192564722828,670857,267074368
cec,7,1,18,200,193388342496,534675,341754616
cec,7,1,18,200,180924625131,553100,149207336
cec,7,1,18,200,181559355130,567057,544361976
cec,7,1,18,200,237882161785,777999,381726336
cec,7,1,18,200,190769791429,550826,152319480
cec,7,1,1,13,682511603,161078,55891240
cec,7,1,19,211,225029536150,621042,337369840
cec,7,1,19,211,219934762608,609578,227203880
cec,7,1,19,211,235129963296,882390,227058456
cec,7,1,19,211,232509481015,715719,326661752
cec,7,1,19,211,231644861326,595435,231028536
cec,7,1,19,211,226243685225,602516,154160728
cec,7,1,19,211,237070668568,655245,625864000
cec,7,1,19,211,216927192923,592919,142960080
cec,7,1,19,211,236201352420,579092,661020904
cec,7,1,19,211,237572884109,847538,375123216
cec,7,1,19,211,233783867599,696706,103821712
cec,7,1,19,211,239002878866,647504,235883752
cec,7,1,19,211,231541623910,647382,236864912
cec,7,1,19,211,229855459414,614516,427270584
cec,7,1,19,211,238316816892,671522,684487896
cec,7,1,19,211,229468914329,844607,146185608
cec,7,1,19,211,232053286654,588131,491839744
cec,7,1,19,211,224014402767,588181,118499648
cec,7,1,19,211,248709257467,574368,592760984
cec,7,1,19,211,234905191426,641955,52398960
cec,7,1,19,211,244787854517,686792,628435904
cec,7,1,19,211,225195153534,609265,704695624
cec,7,1,19,211,226276261540,656454,286637664
cec,7,1,19,211,223822613581,643443,332740216
cec,7,1,19,211,235566542071,686829,248876944
cec,7,1,19,211,264877791445,609849,256477424
cec,7,1,19,211,231409148985,594060,101084192
cec,7,1,19,211,251452892719,937171,319002552
cec,7,1,19,211,238131129787,620982,117186104
cec,7,1,19,211,237297061254,654757,208852112
cec,7,1,19,211,259925753012,655539,110950832
cec,7,1,19,211,242880837008,730491,197110392
cec,7,1,19,211,241472601883,876275,70240992
cec,7,1,19,211,235699026392,636672,60523192
cec,7,1,19,211,227550811424,708661,332626576
cec,7,1,19,211,219184477061,591376,600644168
cec,7,1,19,211,238894867189,621300,157919544
cec,7,1,19,211,238862855120,692459,180164832
cec,7,1,19,211,244419143876,662443,151674312
cec,7,1,19,211,242852402366,594025,146739864
cec,7,1,19,211,228187003048,592888,186099240
cec,7,1,19,211,223952709359,619816,152121712
cec,7,1,19,211,220134072358,593431,339818216
cec,7,1,19,211,243425978730,594801,302870360
cec,7,1,19,211,227036764333,637270,186842848
cec,7,1,19,211,217739700357,582702,226411664
cec,7,1,19,211,238078919061,748561,96616480
cec,7,1,19,211,243721610409,651000,66639408
cec,7,1,19,211,241191015180,784036,101429208
cec,7,1,19,211,216986396125,585949,138072280
cec,7,1,1,13,671631948,164393,123985848
cec,7,1,20,222,286074350155,670830,523469840
cec,7,1,20,222,278572832399,736711,466685000
cec,7,1,20,222,291636533799,1198426,304444240
cec,7,1,20,222,283366822466,682779,323306280
cec,7,1,20,222,291124216304,622757,575413776
cec,7,1,20,222,260437463896,627303,164042216
cec,7,1,20,222,293110294763,734536,474643016
cec,7,1,20,222,282828430241,640452,387274928
cec,7,1,20,222,279978157727,644527,196850792
cec,7,1,20,222,288682034317,680651,185815192
cec,7,1,20,222,272297410747,748077,447439088
cec,7,1,20,222,264908563819,740396,279957064
cec,7,1,20,222,287758695749,1131695,191618232
cec,7,1,20,222,292738742071,768679,616621512
cec,7,1,20,222,266872564895,899244,340996600
cec,7,1,20,222,271780814606,600152,92532944
cec,7,1,20,222,254217568201,633054,339322168
cec,7,1,20,222,264154013122,662189,402395440
cec,7,1,20,222,255104876067,607634,306229456
cec,7,1,20,222,820948217191,5255692,257250184
cec,7,1,20,222,278507660565,641513,179244824
cec,7,1,20,222,277776645913,846072,320210296
cec,7,1,20,222,275544936883,766757,316860608
cec,7,1,20,222,281441772814,631564,251736144
cec,7,1,20,222,274835910348,602043,177804896
cec,7,1,20,222,256263518900,606626,613111960
cec,7,1,20,222,276022577375,656743,427545008
cec,7,1,20,222,268477781927,690079,138675448
cec,7,1,20,222,281989959128,698858,156413936
cec,7,1,20,222,255148536595,588462,337894232
cec,7,1,20,222,298786061797,758410,81717736
cec,7,1,20,222,276015441791,680917,275127872
cec,7,1,20,222,294027579864,714587,316929880
cec,7,1,20,222,262541951643,667743,211921616
cec,7,1,20,222,269571287474,699145,502370176
cec,7,1,20,222,264852471283,781976,382538544
cec,7,1,20,222,260822150323,758468,111940960
cec,7,1,20,222,268508901431,613487,272520680
cec,7,1,20,222,288847133443,597306,204451464
cec,7,1,20,222,280072969164,735393,300644440
cec,7,1,20,222,276141555654,664061,354656816
cec,7,1,20,222,314646325114,672921,464880984
cec,7,1,20,222,269391084709,690896,79159184
cec,7,1,20,222,269617315816,792801,501590944
cec,7,1,20,222,293630521299,1244197,80143544
cec,7,1,20,222,258155392295,597048,522719112
cec,7,1,20,222,272763110937,634198,340077992
cec,7,1,20,222,277905693138,731747,482373384
cec,7,1,20,222,294006955115,694266,409800392
cec,7,1,20,222,277907875630,622153,274491208
cec,7,1,2,24,1595989339,204339,17968696
cec,7,1,21,233,297394372866,659407,494699480
cec,7,1,2,24,1655610914,202129,229665808
cec,7,1,21,233,382102036953,820076,192715296
cec,7,1,2,24,1639274703,217553,276750536
cec,7,1,21,233,338642405865,773529,335552488
cec,7,1,2,24,1655444098,254853,266992208
cec,7,1,21,233,327423384619,680130,327920592
cec,7,1,2,24,1599643165,196038,47765224
cec,7,1,21,233,332961925993,726533,315222264
cec,7,1,2,24,1548382299,201826,354331736
cec,7,1,21,233,326925936027,733189,324188464
cec,7,1,2,24,1823609334,278093,567164976
cec,7,1,21,233,333924860385,699240,226756344
cec,7,1,2,24,1665140695,233921,543998856
cec,7,1,21,233,345497888667,710905,368010520
cec,7,1,2,24,1658488956,236863,427931808
cec,7,1,21,233,409475239802,2013703,381151504
cec,7,1,2,24,1830152732,232428,471778072
cec,7,1,21,233,334335298938,662371,105415760
cec,7,1,2,24,1615234005,201733,68436600
cec,7,1,2,24,1724581661,263609,617557064
cec,7,1,22,244,375532780150,712742,574579336
cec,7,1,2,24,1739465036,257204,205882944
cec,7,1,22,244,339025443870,642284,635634912
cec,7,1,2,24,1772697158,241394,48723496
cec,7,1,22,244,406975855403,722716,209980336
cec,7,1,2,24,1633963576,238921,108511504
cec,7,1,22,244,396931133119,702919,265901736
cec,7,1,2,24,1630009728,222731,200665272
cec,7,1,22,244,368291509888,812525,469704408
cec,7,1,2,24,1620392559,234999,362277224
cec,7,1,22,244,445192589821,1040494,367632296
cec,7,1,2,24,1667941473,266000,47664272
cec,7,1,22,244,456144119961,1812554,154788704
cec,7,1,2,24,1644185360,244725,267026024
cec,7,1,22,244,439390460518,612065,287960048
cec,7,1,2,24,1594225114,233324,354777552
cec,7,1,22,244,376550642670,742756,409559688
cec,7,1,2,24,1866766960,226874,424372472
cec,7,1,22,244,346133769971,645940,421976904
cec,7,1,2,24,1561918222,194987,199450056
cec,7,1,2,24,1747952030,334391,262420568
cec,7,1,23,255,412125158576,699441,124107552
cec,7,1,2,24,1625834784,241358,617455864
cec,7,1,23,255,422043136187,727040,423232632
cec,7,1,2,24,1685458822,264695,228207120
cec,7,1,23,255,461504218901,652157,396104760
cec,7,1,2,24,1689951329,239898,174885832
cec,7,1,23,255,398894438504,710613,227504128
cec,7,1,2,24,1723238937,245951,335242128
cec,7,1,23,255,465342579594,739310,702149856
cec,7,1,2,24,1654525575,243666,174799464
cec,7,1,23,255,455009063265,1052777,511641056
cec,7,1,2,24,1651632933,224836,181411272
cec,7,1,23,255,463234495790,752536,533822664
cec,7,1,2,24,1719745400,237011,181279232
cec,7,1,23,255,420714139695,760839,506117800
cec,7,1,2,24,1653161072,256712,47782424
cec,7,1,23,255,461994118282,788959,471209560
cec,7,1,2,24,1592121046,266385,333731688
cec,7,1,23,255,437054761426,736821,244578528
cec,7,1,2,24,1771783532,249495,114341856
cec,7,1,2,24,1698255214,268882,246959544
cec,7,1,24,266,560126573586,925540,312563528
cec,7,1,2,24,1580705155,205914,714342672
cec,7,1,24,266,484840041880,768250,419175456
cec,7,1,2,24,1605308732,238993,161487480
cec,7,1,24,266,521418377130,815944,338025472
cec,7,1,2,24,1637175055,241033,470580272
cec,7,1,24,266,532391368136,1032241,426782784
cec,7,1,2,24,1703031166,222550,174744656
cec,7,1,24,266,605794048866,2170711,504731480
cec,7,1,2,24,1777478600,218271,427985184
cec,7,1,24,266,480772732615,884547,641972376
cec,7,1,2,24,1547361135,224518,493251288
cec,7,1,24,266,462281749942,704007,363652960
cec,7,1,2,24,1582112014,207366,235901080
cec,7,1,24,266,507112720892,751632,170470056
cec,7,1,2,24,1623279651,242943,428010576
cec,7,1,24,266,516586804091,966549,304166496
cec,7,1,2,24,1643493807,220196,410440840
cec,7,1,24,266,626622536613,2190127,251706848
cec,7,1,2,24,1825612481,189572,48953624
cec,7,1,2,24,1631273727,236533,600199696
cec,7,1,25,277,562731080751,924659,462361584
cec,7,1,25,277,671940529056,675742,121383688
cec,7,1,25,277,550045540857,823347,437530416
cec,7,1,25,277,612108878795,1398036,593407000
cec,7,1,25,277,561697891988,897450,518442688
cec,7,1,25,277,552594004285,903534,260463208
cec,7,1,25,277,563225786949,746943,302349376
cec,7,1,25,277,595248780841,888186,315848504
cec,7,1,25,277,579772752544,925045,337959104
cec,7,1,25,277,578980568925,805412,626344016
cec,7,1,2,24,1534139840,177063,19912432
cec,7,1,26,288,703381279966,874438,204847912
cec,7,1,26,288,708442309919,802661,477432096
cec,7,1,26,288,748297431723,1051052,729292696
cec,7,1,26,288,639518689636,861980,359066848
cec,7,1,26,288,695057351540,833709,376168920
cec,7,1,26,288,721604446080,893589,511407760
cec,7,1,26,288,788127241115,2118957,280129224
cec,7,1,26,288,729490236417,818504,504217872
cec,7,1,26,288,663173247475,924245,605372112
cec,7,1,26,288,754175469168,1022100,582663032
cec,7,1,2,24,1671428647,181605,139106024
cec,7,1,27,299,728403934373,887685,689528280
cec,7,1,27,299,719157239994,1019362,751109920
cec,7,1,27,299,662324634884,805647,416939920
cec,7,1,27,299,2072755100480,6980440,334271912
cec,7,1,27,299,709402900713,866588,246390160
cec,7,1,27,299,773833848234,852733,523325776
cec,7,1,27,299,701599464164,919172,274346696
cec,7,1,27,299,731451249201,1011397,318156592
cec,7,1,27,299,790804406433,902762,337737744
cec,7,1,27,299,740467444374,776347,581257736
cec,7,1,2,24,1574099305,187627,55776008
cec,7,1,28,310,779353231238,1069380,464259184
cec,7,1,28,310,910798598414,979758,450428320
cec,7,1,28,310,801587436950,870340,332683392
cec,7,1,28,310,849249071398,853166,381499152
cec,7,1,28,310,844936498963,860137,467038312
cec,7,1,28,310,880435558622,838631,713520328
cec,7,1,28,310,785578976970,1191947,417028064
cec,7,1,28,310,804702735477,1048405,384541624
cec,7,1,28,310,978268320132,2484088,287690480
cec,7,1,28,310,874822060895,814159,662247224
cec,7,1,2,24,1547196686,188182,120188072
cec,7,1,29,321,917140428348,813703,386915576
cec,7,1,29,321,1049462653853,920554,440703840
cec,7,1,29,321,893482899891,1069444,636085712
cec,7,1,29,321,879331442871,825945,547189592
cec,7,1,29,321,925040411914,1173183,587023552
cec,7,1,29,321,902900588098,877457,393428968
cec,7,1,29,321,934122233906,920812,357599648
cec,7,1,29,321,1056654374754,861643,489794696
cec,7,1,29,321,934446138467,1045689,303980616
cec,7,1,29,321,965965296155,894376,649699480
cec,7,1,2,24,1622858369,187430,113826096
cec,7,1,30,332,1244358683282,1245818,495805624
cec,7,1,30,332,1010489784001,976283,226761800
cec,7,1,30,332,1104500512889,1075780,579194624
cec,7,1,30,332,1165681746177,1688183,189971720
cec,7,1,30,332,1068707130858,1052727,114666840
cec,7,1,30,332,983001738001,984110,136748352
cec,7,1,30,332,1221903470050,2213175,277866016
cec,7,1,30,332,1032839466070,987306,743808232
cec,7,1,30,332,1074386359924,1228476,396354264
cec,7,1,30,332,1158909285409,979641,312609648
cec,7,1,3,35,3366878846,251843,62712928
cec,7,1,31,343,1051594423345,892774,461572232
cec,7,1,3,35,2953080037,229946,305489184
cec,7,1,31,343,1310840679994,950793,186533368
cec,7,1,3,35,2891029912,225603,134283920
cec,7,1,31,343,1334810033108,997544,432291408
cec,7,1,3,35,4176610758,249386,72479864
cec,7,1,31,343,1211961798466,1012814,199491752
cec,7,1,3,35,4327826019,703770,232288888
cec,7,1,31,343,1108106712198,1013714,444741392
cec,7,1,3,35,4010311742,523776,316319032
cec,7,1,31,343,1144665729737,1020675,557751320
cec,7,1,3,35,3989789455,653858,645897736
cec,7,1,31,343,1186198342042,969248,190025456
cec,7,1,3,35,3355025973,344916,60652600
cec,7,1,31,343,1163491663173,916908,293972360
cec,7,1,3,35,3625286358,431772,417180016
cec,7,1,31,343,1056783400786,910539,560116056
cec,7,1,3,35,3108826764,252773,364405024
cec,7,1,31,343,1052704625336,882759,530460240
cec,7,1,3,35,3652484516,205650,222822736
cec,7,1,3,35,2968645366,253433,690524712
cec,7,1,32,354,1159555794853,1011078,559336320
cec,7,1,3,35,3441266717,281859,642958800
cec,7,1,32,354,1170854277504,916618,465269256
cec,7,1,3,35,3141099941,232158,167106456
cec,7,1,32,354,1174027425300,899865,661948784
cec,7,1,3,35,3269970767,281021,617883672
cec,7,1,32,354,1189044867660,927578,262148904
cec,7,1,3,35,3196322899,256109,179670224
cec,7,1,32,354,1180061673798,1226316,144750016
cec,7,1,3,35,3098324394,254569,44591112
cec,7,1,32,354,1520579984973,1047526,561212704
cec,7,1,3,35,3082799703,250085,414838016
cec,7,1,32,354,1246669818907,907145,354577008
cec,7,1,3,35,3076272495,233523,65873416
cec,7,1,32,354,1206651865851,906050,29386296
cec,7,1,3,35,2949583662,224403,273251848
cec,7,1,32,354,1228734286891,1228121,428826336
cec,7,1,3,35,2991890001,244977,15509344
cec,7,1,32,354,1165934257295,915534,199358840
cec,7,1,3,35,3797049249,276972,294855864
cec,7,1,3,35,3230427397,294026,690193528
cec,7,1,33,365,1382362760583,948399,289291400
cec,7,1,3,35,3274581506,283370,259896160
cec,7,1,33,365,1313710397634,1292446,280282368
cec,7,1,3,35,3514474585,287474,132512576
cec,7,1,33,365,1313440133965,946667,270282768
cec,7,1,3,35,2817626285,222478,402864480
cec,7,1,33,365,1303500721508,955413,621652128
cec,7,1,3,35,3417444939,258034,320137216
cec,7,1,33,365,1365292540204,936792,597764296
cec,7,1,3,35,3214566856,291096,588871632
cec,7,1,33,365,1384101159281,1128034,190332096
cec,7,1,3,35,3200226494,281510,236273016
cec,7,1,33,365,1382812318165,954814,328776632
cec,7,1,3,35,3170086456,277051,102472128
cec,7,1,33,365,1291344793137,933155,467690800
cec,7,1,3,35,3144524349,231554,136465088
cec,7,1,33,365,1304676291176,950882,457502312
cec,7,1,3,35,2993633858,274093,602232496
cec,7,1,33,365,1311333901667,953598,377980504
cec,7,1,3,35,3284157827,220668,34207704
cec,7,1,3,35,3073625696,248671,643034256
cec,7,1,34,376,1478853829703,1063364,150557832
cec,7,1,3,35,3525816180,271601,643330104
cec,7,1,34,376,1516635184791,914605,265355528
cec,7,1,3,35,3214795434,312267,591639136
cec,7,1,34,376,1461946435090,946142,148474760
cec,7,1,3,35,3067189132,265776,119005280
cec,7,1,34,376,1475711137801,1010333,401017472
cec,7,1,3,35,3192462354,269421,357509104
cec,7,1,34,376,1473646142880,1018337,547428448
cec,7,1,3,35,3358697923,246648,99958072
cec,7,1,34,376,1481806745267,958280,767683400
cec,7,1,3,35,3076447655,277898,133974152
cec,7,1,34,376,1483479998636,936402,331479472
cec,7,1,3,35,3210587512,275958,188047544
cec,7,1,34,376,1515396249663,937836,563603536
cec,7,1,3,35,3124004471,243750,715024520
cec,7,1,34,376,1478315941105,948669,316429968
cec,7,1,3,35,3061779619,259330,524176952
cec,7,1,34,376,1477080285260,1016607,289213904
cec,7,1,3,35,3440069940,200963,224005800
cec,7,1,3,35,3226459480,246876,356881448
cec,7,1,35,387,2034023127700,1319983,282011112
cec,7,1,35,387,1772378162859,967769,325081376
cec,7,1,35,387,1668361174074,986269,411355016
cec,7,1,35,387,1632677716145,1015424,316443864
cec,7,1,35,387,1700242018998,967195,256529456
cec,7,1,35,387,1667472060757,953175,297259328
cec,7,1,35,387,1761027956271,1373781,318674048
cec,7,1,35,387,2064928482862,1021481,618399656
cec,7,1,35,387,2051497948520,2281090,377236472
cec,7,1,35,387,1990702626490,2567752,281113568
cec,7,1,3,35,2925666347,202127,116510192
cec,7,1,36,398,1774355955033,1051145,539302984
cec,7,1,36,398,2006965311334,1114751,440753696
cec,7,1,36,398,1790625857704,1144451,261873040
cec,7,1,36,398,1937073767649,1081209,375663568
cec,7,1,36,398,2222433003921,3226597,567567224
cec,7,1,36,398,2174973128267,1337474,341430152
cec,7,1,36,398,1864450537826,1039321,166270640
cec,7,1,36,398,1928806218737,1310863,296881192
cec,7,1,36,398,2042132951168,1379181,646115688
cec,7,1,3,35,2909329433,226693,312387272
cec,7,1,37,409,1922016792920,1070856,314586888
cec,7,1,37,409,1930314030983,1035321,636477488
cec,7,1,37,409,1934898723066,1055641,636704840
cec,7,1,37,409,1936495581155,1349474,332121448
cec,7,1,37,409,2706833464919,1406539,124853584
cec,7,1,37,409,2380458895801,1582285,166969888
cec,7,1,37,409,2031298053846,1072268,175401432
cec,7,1,37,409,1990282193296,1130395,855234616
cec,7,1,37,409,2010899331707,1221716,262480856
cec,7,1,37,409,1920943384902,1047113,786097432
cec,7,1,3,35,3164393174,201386,113129888
cec,7,1,38,420,2700163937553,1336345,246774016
cec,7,1,38,420,2266669042022,1246173,409173968
cec,7,1,38,420,2127216775226,1060283,681425632
cec,7,1,38,420,2123370448994,1101493,552051288
cec,7,1,38,420,2135849069326,1093574,230832520
cec,7,1,38,420,2601761940540,3137618,815600256
cec,7,1,38,420,2340289448054,1119520,195196048
cec,7,1,38,420,2141200515661,1045945,368206640
cec,7,1,38,420,2138668913283,1106934,482007672
cec,7,1,38,420,2271556477971,1551913,727835304
cec,7,1,3,35,2611388882,186513,248630408
cec,7,1,39,431,2822482458590,1233631,564964200
cec,7,1,39,431,2846153219893,1348609,316808696
cec,7,1,39,431,2290333703916,1552969,247674208
cec,7,1,39,431,2399051323663,1124855,552440272
cec,7,1,39,431,2324028183126,1112885,251857016
cec,7,1,39,431,2523005851246,1204608,266768640
cec,7,1,39,431,2469012156327,1130483,559978552
cec,7,1,39,431,2471612755415,1171045,233164968
cec,7,1,39,431,2627866164040,1927820,414185928
cec,7,1,39,431,2488700207007,1237812,269845656
cec,7,1,3,35,2647821477,221204,214107976
cec,7,1,40,442,2555354696216,1113097,360281232
cec,7,1,40,442,3323034559308,1465872,393570024
cec,7,1,40,442,2841283905070,1458765,223322336
cec,7,1,40,442,2712047828704,1172987,384746192
cec,7,1,40,442,2901511998973,1451230,126196672
cec,7,1,40,442,2769066903517,1890062,393686848
cec,7,1,40,442,2787184684964,1157300,242587432
cec,7,1,40,442,3250394085758,2415840,295030032
cec,7,1,40,442,2633186916645,1366117,437089216
cec,7,1,40,442,2556064362324,1101312,359175744
cec,7,1,4,46,4921162303,283648,525030256
cec,7,1,41,453,3009175809625,1365170,483366432
cec,7,1,4,46,5579872674,306068,217664312
cec,7,1,41,453,3440988680758,3265701,141520400
cec,7,1,4,46,5100359856,313918,377154872
cec,7,1,41,453,3012085924097,1308108,640456216
cec,7,1,4,46,5137544558,284953,434815552
cec,7,1,41,453,2834784280023,1285173,565061568
cec,7,1,4,46,5408946841,271001,47050000
cec,7,1,41,453,3124709859269,1542413,662360640
cec,7,1,4,46,4928471267,269537,294249304
cec,7,1,41,453,3171914432339,1441640,710711376
cec,7,1,4,46,4852297434,265869,291189136
cec,7,1,41,453,3018335382542,1977737,357671160
cec,7,1,4,46,4946412104,283026,75063608
cec,7,1,4,46,4850120717,249137,174598224
cec,7,1,41,453,3272523248789,1464536,269256760
cec,7,1,4,46,4874264825,241825,95896216
cec,7,1,41,453,2820856812884,1391250,334658504
cec,7,1,4,46,5049374378,267182,271764896
cec,7,1,4,46,4801726386,248192,466485528
cec,7,1,42,464,3568344684376,1659110,96939936
cec,7,1,4,46,5135207917,276120,455059768
cec,7,1,42,464,2973739473545,1204397,253353248
cec,7,1,4,46,4940924742,286303,118153048
cec,7,1,42,464,3116062716944,1349577,602235064
cec,7,1,4,46,4947885314,261183,165826784
cec,7,1,42,464,3143999082837,1248640,291326888
cec,7,1,4,46,5176023743,292522,271749336
cec,7,1,42,464,3120426448536,1296764,786090768
cec,7,1,4,46,5470183057,332508,455747808
cec,7,1,42,464,3535569633236,1506150,577764856
cec,7,1,4,46,4682429144,252530,592980000
cec,7,1,4,46,5081448898,253558,692095376
cec,7,1,42,464,3131238498269,1218308,419447152
cec,7,1,4,46,4951743771,262617,95985776
cec,7,1,42,464,3346897753630,1253708,266370920
cec,7,1,4,46,4897509590,260558,95875536
cec,7,1,42,464,3109258508969,1210148,592262632
cec,7,1,4,46,5227883951,290293,319129432
cec,7,1,4,46,5013796275,264975,465694336
cec,7,1,4,46,5004425072,255149,335943848
cec,7,1,4,46,5017133964,269156,504955336
cec,7,1,43,475,3241140196039,29748366,143098912
cec,7,1,4,46,4971204586,259025,149795152
cec,7,1,43,475,3442000866336,1193248,368744000
cec,7,1,4,46,4711424380,258693,173494744
cec,7,1,4,46,4811474104,254037,674929672
cec,7,1,43,475,3547974122706,1359531,131796984
cec,7,1,4,46,5026747411,282965,403390576
cec,7,1,43,475,3523646179625,1210231,448749848
cec,7,1,4,46,5280068932,354051,271902496
cec,7,1,43,475,3330455566668,1239610,84588104
cec,7,1,4,46,6312356954,705290,105281232
cec,7,1,4,46,6889467496,590198,46891360
cec,7,1,4,46,4917114058,318078,60668776
cec,7,1,4,46,6235498206,562336,174758976
cec,7,1,4,46,4875069389,253233,71896712
cec,7,1,4,46,5125731699,267158,120331816
cec,7,1,4,46,4982480654,257252,327713184
cec,7,1,4,46,5118191755,256372,576213240
cec,7,1,4,46,5082559230,271123,69187192
cec,7,1,4,46,5393348924,316391,95891712
cec,7,1,4,46,5065168046,287959,400090160
cec,7,1,4,46,4819258225,269571,458760184
cec,7,1,44,486,3540606960248,1262948,263904408
cec,7,1,4,46,4849481540,254247,512523256
cec,7,1,4,46,5009828319,262616,665869744
cec,7,1,4,46,4934011726,282323,578008176
cec,7,1,4,46,5611782963,352265,491025120
cec,7,1,4,46,5130892857,270302,348697464
cec,7,1,4,46,5259476670,368092,678697240
cec,7,1,4,46,4698797500,219415,456986040
cec,7,1,4,46,5457663825,227183,423246688
cec,7,1,5,57,7406112981,233635,56593472
cec,7,1,5,57,8919655187,895500,34367944
cec,7,1,5,57,8850844647,665831,184160432
cec,7,1,5,57,7138961960,278446,566743848
cec,7,1,5,57,8005561758,285346,633971008
cec,7,1,5,57,8143113153,335338,157325328
cec,7,1,5,57,7582480451,279073,175031096
cec,7,1,5,57,7605110330,280320,234883664
cec,7,1,5,57,7500485636,272277,403586232
cec,7,1,5,57,7417335064,263219,336416840
cec,7,1,5,57,7730529627,316022,45334808
cec,7,1,5,57,7539137077,264812,553092576
cec,7,1,5,57,7678056966,281306,347242208
cec,7,1,5,57,7709966381,320212,239626456
cec,7,1,5,57,8376958001,338211,101209864
cec,7,1,5,57,8337368586,306602,459146744
cec,7,1,5,57,8006954767,306088,149665424
cec,7,1,5,57,7774448668,318125,564916280
cec,7,1,5,57,7557193106,353939,99224912
cec,7,1,5,57,7374707305,266671,488793424
cec,7,1,5,57,8277006359,314931,519635016
cec,7,1,5,57,7643006439,332480,174877824
cec,7,1,5,57,8414709698,339943,634348464
cec,7,1,5,57,7953013853,342413,524358024
cec,7,1,5,57,7820584583,314698,549017080
cec,7,1,5,57,7488370052,298224,394399368
cec,7,1,5,57,7429683682,299352,350150208
cec,7,1,5,57,7575087444,274710,351623384
cec,7,1,5,57,8003575713,327761,101428608
cec,7,1,5,57,8258085425,331053,36088208
cec,7,1,5,57,7545521410,296963,43785592
cec,7,1,5,57,7475889339,301737,525634664
cec,7,1,5,57,9087853836,273862,238545096
cec,7,1,5,57,8034461940,327818,352498608
cec,7,1,5,57,7634672363,381489,457102640
cec,7,1,5,57,7294222729,269363,239602616
cec,7,1,5,57,7413565597,306863,541715080
cec,7,1,5,57,7827213873,288376,61687720
cec,7,1,5,57,7469257439,304640,227127248
cec,7,1,5,57,8113587438,337913,73052536
cec,7,1,5,57,8243118125,333104,395077104
cec,7,1,5,57,7648557865,2457562,560687920
cec,7,1,5,57,7339216980,281492,197955584
cec,7,1,5,57,7614589495,261925,176354544
cec,7,1,5,57,7470746439,297061,269472840
cec,7,1,5,57,7455587803,240113,345711160
cec,7,1,5,57,7811520064,262101,170710552
cec,7,1,5,57,8643125464,253064,169883072
cec,7,1,5,57,7824277046,253096,125749360
cec,7,1,5,57,7536018912,252833,188189280
cec,7,1,6,68,12856784358,380018,122789856
cec,7,1,6,68,11599333499,309708,257430056
cec,7,1,6,68,11336696758,321587,310606152
cec,7,1,6,68,11653751097,378766,292426600
cec,7,1,6,68,11511923574,329852,138541760
cec,7,1,6,68,11331244364,339313,44349424
cec,7,1,6,68,11506118758,320953,432632160
cec,7,1,6,68,11608177134,355317,328489592
cec,7,1,6,68,11513656026,475268,148160280
cec,7,1,6,68,14321867988,659177,432534000
cec,7,1,6,68,9751605953,248261,217526328
cec,7,1,6,68,14564266961,585109,660405672
cec,7,1,6,68,10993843302,301847,147349792
cec,7,1,6,68,10837643090,309208,279534624
cec,7,1,6,68,11744578744,318113,553395344
cec,7,1,6,68,13682583644,487790,361399632
cec,7,1,6,68,11788815433,407487,175831152
cec,7,1,6,68,10993285282,351832,196794424
cec,7,1,6,68,11201517775,332045,254807248
cec,7,1,6,68,11154253251,319358,120641592
cec,7,1,6,68,11642360152,349835,305312144
cec,7,1,6,68,10727358428,267930,169917528
cec,7,1,6,68,12580288612,445756,328482368
cec,7,1,6,68,12278565787,454684,319362456
cec,7,1,6,68,11413319433,340975,649988680
cec,7,1,6,68,11966291235,309247,521319536
cec,7,1,6,68,11318501481,332495,432443936
cec,7,1,6,68,11310607456,328738,67771576
cec,7,1,6,68,11707996851,336741,308530192
cec,7,1,6,68,10924354085,300507,476668024
cec,7,1,6,68,10860363486,287887,516553352
cec,7,1,6,68,11606972630,281564,329307840
cec,7,1,6,68,12700624932,282637,168959552
cec,7,1,6,68,11591213414,350672,449469752
cec,7,1,6,68,11118675527,321713,263845360
cec,7,1,6,68,11471928523,441754,525509024
cec,7,1,6,68,11924491207,322663,263358296
cec,7,1,6,68,10851220783,317729,47613248
cec,7,1,6,68,11496123802,305222,292819136
cec,7,1,6,68,10460449314,288609,148120160
cec,7,1,6,68,12289376822,441045,21491392
cec,7,1,6,68,12454710901,373785,219977472
cec,7,1,6,68,12273098506,325765,282166040
cec,7,1,6,68,11132059033,251894,147084072
cec,7,1,6,68,11843294753,325453,329403104
cec,7,1,6,68,10194482001,273213,280348768
cec,7,1,6,68,12165475285,303820,344804528
cec,7,1,6,68,10391212625,274803,126232328
cec,7,1,6,68,10563645414,263788,87959848
cec,7,1,6,68,12018678383,465746,235835776
cec,7,1,7,79,16666085327,393015,402566248
cec,7,1,7,79,15473296985,347099,408994464
cec,7,1,7,79,15561801004,321635,26805824
cec,7,1,7,79,15845713728,329296,324869104
cec,7,1,7,79,15718022809,334195,435019128
cec,7,1,7,79,16015167434,329655,185707984
cec,7,1,7,79,15667838079,371734,323943472
cec,7,1,7,79,15674215503,334502,492431208
cec,7,1,7,79,15208903776,326391,79160320
cec,7,1,7,79,15088551021,317881,339009936
cec,7,1,7,79,16503146233,359009,559973544
cec,7,1,7,79,15652789296,471939,156013184
cec,7,1,7,79,16090802090,338522,238776488
cec,7,1,7,79,15875275476,343708,235260640
cec,7,1,7,79,16487441954,390993,220637936
cec,7,1,7,79,17234567745,360257,190084472
cec,7,1,7,79,16383540492,359584,124317040
cec,7,1,7,79,15447609044,311990,301000488
cec,7,1,7,79,16503962836,380362,62521376
cec,7,1,7,79,16244229390,348998,57745304
cec,7,1,7,79,16424632491,338120,326296224
cec,7,1,7,79,16998631424,383806,511927248
cec,7,1,7,79,15583086023,331298,54703120
cec,7,1,7,79,17759425544,382365,267802400
cec,7,1,7,79,15994720521,333005,20943400
cec,7,1,7,79,16495089858,356269,355497832
cec,7,1,7,79,16431984616,348893,156156776
cec,7,1,7,79,15319559787,315488,386906872
cec,7,1,7,79,16001377373,306360,371758240
cec,7,1,7,79,15603177974,355496,81810360
cec,7,1,7,79,16565156349,321040,360530152
cec,7,1,7,79,16155488774,307553,441555400
cec,7,1,7,79,16255768553,330767,245611392
cec,7,1,7,79,19680674934,796789,198522760
cec,7,1,7,79,20406081080,810936,270999456
cec,7,1,7,79,17066557045,387435,586376920
cec,7,1,7,79,16821701458,361727,325114928
cec,7,1,7,79,16282843578,343170,15831568
cec,7,1,7,79,16239875712,358586,674465448
cec,7,1,7,79,15929899779,428612,319544184
cec,7,1,7,79,15425613872,379596,15209160
cec,7,1,7,79,15576477449,309894,297258512
cec,7,1,7,79,15124245138,310532,376783344
cec,7,1,7,79,15623007642,352509,717752456
cec,7,1,7,79,15127632957,310794,354181768
cec,7,1,7,79,15966134244,601775,15625456
cec,7,1,7,79,17896601994,408557,206390376
cec,7,1,7,79,15493030187,350150,581764344
cec,7,1,7,79,15550555365,308519,34267992
cec,7,1,7,79,15402969644,270311,113769768
cec,7,1,8,90,21757940145,445411,64645168
cec,7,1,8,90,23705743520,411210,69988520
cec,7,1,8,90,20591019793,325961,62499368
cec,7,1,8,90,19868841927,328585,63445072
cec,7,1,8,90,20244056527,325993,202866528
cec,7,1,8,90,21642156712,370901,136186656
cec,7,1,8,90,20681328664,392052,28132104
cec,7,1,8,90,24667964579,403480,216265784
cec,7,1,8,90,24531329245,467186,147480184
cec,7,1,8,90,22687196409,528227,96185864
cec,7,1,8,90,22826493903,400444,519706456
cec,7,1,8,90,24226448620,533422,138716216
cec,7,1,8,90,21419097613,377630,188720360
cec,7,1,8,90,23269072294,369400,147379144
cec,7,1,8,90,22635931638,386553,442061560
cec,7,1,8,90,21673988611,362639,335068880
cec,7,1,8,90,21072045735,340655,28664080
cec,7,1,8,90,21380821517,386043,126820304
cec,7,1,8,90,19912637479,325494,387361944
cec,7,1,8,90,23153271142,397956,105820352
cec,7,1,8,90,22747690304,381108,274157408
cec,7,1,8,90,21780395542,369244,317364384
cec,7,1,8,90,21117721518,367494,340621112
cec,7,1,8,90,22501838592,425174,386539192
cec,7,1,8,90,23353491475,398152,489945720
cec,7,1,8,90,21593264415,383614,532339720
cec,7,1,8,90,22120589352,413288,265701264
cec,7,1,8,90,21806376941,385661,513407720
cec,7,1,8,90,21541611510,378213,335146000
cec,7,1,8,90,21326928086,337400,295868408
cec,7,1,8,90,22103017649,372819,245298528
cec,7,1,8,90,20982342319,376359,649133352
cec,7,1,8,90,21147774715,301563,75292040
cec,7,1,8,90,20598957218,345457,640647256
cec,7,1,8,90,22415507095,384842,93787672
cec,7,1,8,90,22365249449,335004,388772864
cec,7,1,8,90,22243666992,350134,136751560
cec,7,1,8,90,23858793847,369765,30894056
cec,7,1,8,90,21519874435,368535,95506624
cec,7,1,8,90,21323742742,370427,287473048
cec,7,1,8,90,22256322954,549608,74546240
cec,7,1,8,90,20416569869,342001,122590896
cec,7,1,8,90,21866375521,330948,245249888
cec,7,1,8,90,22628907542,318289,158203736
cec,7,1,8,90,23350398907,372316,63650072
cec,7,1,8,90,20589685527,297977,183146296
cec,7,1,8,90,21762277287,397693,154539128
cec,7,1,8,90,23108452991,362494,171768488
cec,7,1,8,90,21073323064,362460,345552944
cec,7,1,8,90,20067372233,374825,558140616
cec,7,1,9,101,29632729118,408107,366550496
cec,7,1,9,101,28748627588,382045,279608912
cec,7,1,9,101,29743647584,371556,549470768
cec,7,1,9,101,28022058981,358525,104309704
cec,7,1,9,101,28202032768,364846,398027512
cec,7,1,9,101,28873115920,384142,377698440
cec,7,1,9,101,31282182034,439848,75627416
cec,7,1,9,101,27533449227,383259,512437984
cec,7,1,9,101,28377525693,373193,273267312
cec,7,1,9,101,28312679735,406161,170292568
cec,7,1,9,101,31101330295,364595,130756968
cec,7,1,9,101,29446223856,423042,116318064
cec,7,1,9,101,30743740286,444899,209110208
cec,7,1,9,101,36686475165,695966,544466072
cec,7,1,9,101,35430113397,832286,664986504
cec,7,1,9,101,31407718054,392965,268990992
cec,7,1,9,101,30090833309,430164,451241528
cec,7,1,9,101,29760657533,405152,324425232
cec,7,1,9,101,30824845291,517477,287205048
cec,7,1,9,101,30090268259,453544,79913256
cec,7,1,9,101,27917672776,417715,129655960
cec,7,1,9,101,29335535828,354911,217549768
cec,7,1,9,101,27907251709,352571,354629536
cec,7,1,9,101,28074448263,361011,278810360
cec,7,1,9,101,27360215816,351780,366346992
cec,7,1,9,101,31580581106,433141,68937136
cec,7,1,9,101,28077071833,374536,460009312
cec,7,1,9,101,28393417093,604635,17715072
cec,7,1,9,101,29822811878,407300,665872496
cec,7,1,9,101,33612746533,426180,318467568
cec,7,1,9,101,28459722422,411404,365767368
cec,7,1,9,101,33461698323,774520,318764768
cec,7,1,9,101,29803991072,403300,474673000
cec,7,1,9,101,32706853794,675357,17592968
cec,7,1,9,101,32607543868,790478,649819056
cec,7,1,9,101,29762283918,376706,95686256
cec,7,1,9,101,29729707086,393822,331364144
cec,7,1,9,101,31023235361,409853,435280552
cec,7,1,9,101,30967237691,356306,172051688
cec,7,1,9,101,29922475344,401236,138279944
cec,7,1,9,101,28209217697,401256,142661272
cec,7,1,9,101,27484523986,379802,285661112
cec,7,1,9,101,30695677280,391993,25630144
cec,7,1,9,101,28171556491,5519720,65493664
cec,7,1,9,101,34537457326,432706,18779280
cec,7,1,9,101,29950769034,358760,239168576
cec,7,1,9,101,29542782462,346174,105522856
cec,7,1,9,101,27019822389,341936,107388784
cec,7,1,9,101,26996756450,334797,114151560
cec,7,1,9,101,31959376909,360650,145966128
